[{"model": "sessions.session", "pk": "21qhh4kdelhmexwtih7ax37z7u2x97nl", "fields": {"session_data": "N2NiYTEzNWM0NGY4OWQzYTAyNmU0NWQ3Nzk5MWIxY2UzMTZiZmY2Yzp7Il9hdXRoX3VzZXJfaWQiOiIxIiwiX2F1dGhfdXNlcl9iYWNrZW5kIjoiZGphbmdvLmNvbnRyaWIuYXV0aC5iYWNrZW5kcy5Nb2RlbEJhY2tlbmQiLCJfYXV0aF91c2VyX2hhc2giOiIwNzEwM2Y2MDBjMDZlNjEzZWYzOTcxM2QwNDhkNTcxNzExYjU3Yzk5In0=", "expire_date": "2018-12-18T18:53:04.155Z"}}, {"model": "sessions.session", "pk": "73jg9ls0pea07kbpn2kpenuzp3g3q7cy", "fields": {"session_data": "Yzc3Njg3ZDY0N2JmYzQzYzFjZjI4MTY3MGQyYWFkMjhhYTExZDJlZTp7Il9hdXRoX3VzZXJfaWQiOiIxIiwiX2F1dGhfdXNlcl9iYWNrZW5kIjoiZGphbmdvLmNvbnRyaWIuYXV0aC5iYWNrZW5kcy5Nb2RlbEJhY2tlbmQiLCJfYXV0aF91c2VyX2hhc2giOiJiMjMxZjFhZGQ4MTk1MDA0OTU3MTJiMDMzNmYxYWUwYTUxZjdmYzBiIn0=", "expire_date": "2021-02-22T13:43:37.478Z"}}, {"model": "sessions.session", "pk": "8fkr3jc1smd7rc42ymkdbh8api1n9r4w", "fields": {"session_data": "YTUxNDVhMjFmM2JkMGQ1NjMzOTZjMTQ5MTkzYWZmOTkxYzdhZmM3MDp7Il9hdXRoX3VzZXJfaWQiOiIxIiwiX2F1dGhfdXNlcl9oYXNoIjoiNzRhYzZmYmZmZTQ0MjI0MGZlMjQxOGRkMGM5YjdkY2Y3ODU5ODNiNiIsIl9hdXRoX3VzZXJfYmFja2VuZCI6ImRqYW5nby5jb250cmliLmF1dGguYmFja2VuZHMuTW9kZWxCYWNrZW5kIn0=", "expire_date": "2017-11-01T19:51:52.681Z"}}, {"model": "sessions.session", "pk": "93z7b4smlzb5d6b7nd1tivjoi2ln2mhl", "fields": {"session_data": "ZWI3NzMwMzFjMTdkMjY2NTFhYmExZTg5ZjJkMGEyOTY1ZWM4YTQ3NDp7Im5leHQiOiIvIiwidmstb2F1dGgyX3N0YXRlIjoicU12amt6eFZVMER1c0lYeHM4VG1ORzY1SFNwZkY5WUMiLCJfYXV0aF91c2VyX2lkIjoiMTIiLCJfYXV0aF91c2VyX2JhY2tlbmQiOiJzb2NpYWxfY29yZS5iYWNrZW5kcy52ay5WS09BdXRoMiIsIl9hdXRoX3VzZXJfaGFzaCI6IjE4NDYzZDY3NDg0NGZmMDNjZGFmZjc2MzU4YzA1NzZkYTVhNDhhODMiLCJzb2NpYWxfYXV0aF9sYXN0X2xvZ2luX2JhY2tlbmQiOiJ2ay1vYXV0aDIifQ==", "expire_date": "2021-02-15T21:12:57.063Z"}}, {"model": "sessions.session", "pk": "bsu9tu3h4q4lbgs7zruahqxrhhy4sd83", "fields": {"session_data": "OWU3NzBiZWZiYWNjYzBlZmQ0M2VkNjk4ZDk5ZWYyZGNjYjAwMGQ0Njp7Il9hdXRoX3VzZXJfYmFja2VuZCI6ImRqYW5nby5jb250cmliLmF1dGguYmFja2VuZHMuTW9kZWxCYWNrZW5kIiwiX2F1dGhfdXNlcl9pZCI6IjEiLCJfYXV0aF91c2VyX2hhc2giOiI3NGFjNmZiZmZlNDQyMjQwZmUyNDE4ZGQwYzliN2RjZjc4NTk4M2I2In0=", "expire_date": "2017-11-04T09:38:15.540Z"}}, {"model": "sessions.session", "pk": "dw5i8ucmtcrqr1ai7kvfe54j80vo66el", "fields": {"session_data": "N2NiYTEzNWM0NGY4OWQzYTAyNmU0NWQ3Nzk5MWIxY2UzMTZiZmY2Yzp7Il9hdXRoX3VzZXJfaWQiOiIxIiwiX2F1dGhfdXNlcl9iYWNrZW5kIjoiZGphbmdvLmNvbnRyaWIuYXV0aC5iYWNrZW5kcy5Nb2RlbEJhY2tlbmQiLCJfYXV0aF91c2VyX2hhc2giOiIwNzEwM2Y2MDBjMDZlNjEzZWYzOTcxM2QwNDhkNTcxNzExYjU3Yzk5In0=", "expire_date": "2018-12-18T18:57:14.849Z"}}, {"model": "sessions.session", "pk": "h3rjeavl2r11ny10o2e3c5g5y337eo6g", "fields": {"session_data": "YzY1YmU1OTFkODUzYTRjZmI2YmE5ZGI4YzAwODYzMTU0MDY3ZWY0OTp7Im5leHQiOiIvIiwidmstb2F1dGgyX3N0YXRlIjoiRXhVNGZLUU84bWpXaFBoV3ZBbHF4alh3a1JxTUhzNG4iLCJfYXV0aF91c2VyX2lkIjoiMTIiLCJfYXV0aF91c2VyX2JhY2tlbmQiOiJzb2NpYWxfY29yZS5iYWNrZW5kcy52ay5WS09BdXRoMiIsIl9hdXRoX3VzZXJfaGFzaCI6IjE4NDYzZDY3NDg0NGZmMDNjZGFmZjc2MzU4YzA1NzZkYTVhNDhhODMiLCJzb2NpYWxfYXV0aF9sYXN0X2xvZ2luX2JhY2tlbmQiOiJ2ay1vYXV0aDIifQ==", "expire_date": "2021-02-08T15:54:39.269Z"}}, {"model": "sessions.session", "pk": "j5dcu2rtksquz1svynx5zgf9ai24f532", "fields": {"session_data": "ZWY5ZTQ5ZjQ1MGUxN2JkYTc2NGJjY2QyZWQ4NTM4MDdmYjJkMjVhNTp7Im5leHQiOiIvIiwidmstb2F1dGgyX3N0YXRlIjoiZjZKeTVuMXBqRndoSjF2QThINnNLZmR6Snc3dndUR08iLCJfYXV0aF91c2VyX2lkIjoiMTIiLCJfYXV0aF91c2VyX2JhY2tlbmQiOiJzb2NpYWxfY29yZS5iYWNrZW5kcy52ay5WS09BdXRoMiIsIl9hdXRoX3VzZXJfaGFzaCI6IjE4NDYzZDY3NDg0NGZmMDNjZGFmZjc2MzU4YzA1NzZkYTVhNDhhODMiLCJzb2NpYWxfYXV0aF9sYXN0X2xvZ2luX2JhY2tlbmQiOiJ2ay1vYXV0aDIifQ==", "expire_date": "2021-02-15T18:22:48.350Z"}}, {"model": "sessions.session", "pk": "jcrt6g43pn6axf2yyy1qybuc9y2atvxi", "fields": {"session_data": "Yzc3Njg3ZDY0N2JmYzQzYzFjZjI4MTY3MGQyYWFkMjhhYTExZDJlZTp7Il9hdXRoX3VzZXJfaWQiOiIxIiwiX2F1dGhfdXNlcl9iYWNrZW5kIjoiZGphbmdvLmNvbnRyaWIuYXV0aC5iYWNrZW5kcy5Nb2RlbEJhY2tlbmQiLCJfYXV0aF91c2VyX2hhc2giOiJiMjMxZjFhZGQ4MTk1MDA0OTU3MTJiMDMzNmYxYWUwYTUxZjdmYzBiIn0=", "expire_date": "2020-05-07T18:19:23.020Z"}}, {"model": "sessions.session", "pk": "kbidfld6rw7vicql8e7bdxodcph9uuol", "fields": {"session_data": "OTQyMmRkNGE2YTkyOThhZWI2MmE5ZGM4OTMzNjRlMGU0OTUyZGRjZTp7Im5leHQiOiIvIiwidmstb2F1dGgyX3N0YXRlIjoicldkVkpNZlE2VnUzMFhMc011WVJOR2pFZmlVZ1hZZ1EiLCJfYXV0aF91c2VyX2lkIjoiMTIiLCJfYXV0aF91c2VyX2JhY2tlbmQiOiJzb2NpYWxfY29yZS5iYWNrZW5kcy52ay5WS09BdXRoMiIsIl9hdXRoX3VzZXJfaGFzaCI6IjE4NDYzZDY3NDg0NGZmMDNjZGFmZjc2MzU4YzA1NzZkYTVhNDhhODMiLCJzb2NpYWxfYXV0aF9sYXN0X2xvZ2luX2JhY2tlbmQiOiJ2ay1vYXV0aDIifQ==", "expire_date": "2021-02-12T10:01:19.478Z"}}, {"model": "sessions.session", "pk": "o04tl1luoze3txukdecghohxni043jg7", "fields": {"session_data": "NmRhMmU3YTVkZmM3ZTZiN2QxNjRhYTU0NjI1ODgxMjNkM2UyYjNhZTp7Il9hdXRoX3VzZXJfaWQiOiI4IiwiX2F1dGhfdXNlcl9iYWNrZW5kIjoiZGphbmdvLmNvbnRyaWIuYXV0aC5iYWNrZW5kcy5Nb2RlbEJhY2tlbmQiLCJfYXV0aF91c2VyX2hhc2giOiJhZWRlNmFkZWNlMTY0MDAzOTUxZjQ3MGQ2MDFkYzg5YjQ0NWI2ZmMyIn0=", "expire_date": "2021-02-12T09:54:14.207Z"}}, {"model": "sessions.session", "pk": "tmesctfrv806fpc8bfecfogrql2u5e5h", "fields": {"session_data": "ZmE4OThlZDdlYzU1M2MxNzI1Yzg4M2FkOGNkM2ZlOTBjMDM4ZjIyNDp7Il9hdXRoX3VzZXJfaWQiOiIxIiwiX2F1dGhfdXNlcl9iYWNrZW5kIjoiZGphbmdvLmNvbnRyaWIuYXV0aC5iYWNrZW5kcy5Nb2RlbEJhY2tlbmQiLCJfYXV0aF91c2VyX2hhc2giOiI3NGFjNmZiZmZlNDQyMjQwZmUyNDE4ZGQwYzliN2RjZjc4NTk4M2I2In0=", "expire_date": "2017-11-01T12:54:45.937Z"}}, {"model": "sessions.session", "pk": "trq0b4r5yikuxxte8bsxtrpeqqwxkvi2", "fields": {"session_data": "N2NiYTEzNWM0NGY4OWQzYTAyNmU0NWQ3Nzk5MWIxY2UzMTZiZmY2Yzp7Il9hdXRoX3VzZXJfaWQiOiIxIiwiX2F1dGhfdXNlcl9iYWNrZW5kIjoiZGphbmdvLmNvbnRyaWIuYXV0aC5iYWNrZW5kcy5Nb2RlbEJhY2tlbmQiLCJfYXV0aF91c2VyX2hhc2giOiIwNzEwM2Y2MDBjMDZlNjEzZWYzOTcxM2QwNDhkNTcxNzExYjU3Yzk5In0=", "expire_date": "2018-12-12T20:52:00.318Z"}}, {"model": "mainapp.productcategory", "pk": 1, "fields": {"name": "\u0434\u043e\u043c", "description": "\u043e\u0442\u043b\u0438\u0447\u043d\u0430\u044f \u043c\u0435\u0431\u0435\u043b\u044c \u0434\u043b\u044f \u0434\u043e\u043c\u0430\u0448\u043d\u0435\u0433\u043e \u0438\u043d\u0442\u0435\u0440\u044c\u0435\u0440\u0430.", "is_active": true}}, {"model": "mainapp.productcategory", "pk": 2, "fields": {"name": "\u043e\u0444\u0438\u0441", "description": "\u0441\u0442\u0438\u043b\u044c\u043d\u0430\u044f \u0438 \u043d\u0430\u0434\u0435\u0436\u043d\u0430\u044f \u043e\u0444\u0438\u0441\u043d\u0430\u044f \u043c\u0435\u0431\u0435\u043b\u044c \u043d\u043e\u0432\u043e\u0433\u043e \u043f\u043e\u043a\u043e\u043b\u0435\u043d\u0438\u044f. 2017 \u043c\u043e\u0434\u0435\u043b\u044c\u043d\u044b\u0439 \u0433\u043e\u0434", "is_active": true}}, {"model": "mainapp.productcategory", "pk": 3, "fields": {"name": "\u043c\u043e\u0434\u0435\u0440\u043d", "description": "\u043c\u0435\u0431\u0435\u043b\u044c \u0432 \u0441\u0442\u0438\u043b\u0435 \u041c\u041e\u0414\u0415\u0420\u041d \u043f\u043e\u0434\u043e\u0439\u0434\u0435\u0442 \u0434\u043b\u044f \u043b\u044e\u0431\u043e\u0433\u043e \u0438\u043d\u0442\u0435\u0440\u044c\u0435\u0440\u0430. \u0418 \u0434\u043b\u044f \u0432\u0430\u0448\u0435\u0433\u043e", "is_active": true}}, {"model": "mainapp.productcategory", "pk": 4, "fields": {"name": "\u043a\u043b\u0430\u0441\u0441\u0438\u043a\u0430", "description": "\u043a\u043b\u0430\u0441\u0441\u0438\u0447\u0435\u0441\u043a\u0438\u0439 \u0441\u0442\u0438\u043b\u044c \u0430\u043a\u0442\u0443\u0430\u043b\u0435\u043d \u0432 \u043b\u044e\u0431\u044b\u0435 \u0432\u0440\u0435\u043c\u0435\u043d\u0430.", "is_active": true}}, {"model": "mainapp.productcategory", "pk": 5, "fields": {"name": "\u0442\u043e\u0432\u0430\u0440\u044b \u0434\u043b\u044f \u043a\u0443\u0445\u043d\u0438", "description": "\u043f\u043e\u043b\u0435\u0437\u043d\u043e\u0435 \u0434\u043b\u044f \u043a\u0443\u0445\u043d\u0438 2017", "is_active": false}}, {"model": "mainapp.product", "pk": 1, "fields": {"category": 1, "name": "\u043a\u043e\u043c\u0444\u043e\u0440\u0442 1", "image": "products_images/product-1.jpg", "short_desc": "\u043a\u043e\u043c\u0444\u043e\u0440\u0442\u043d\u044b\u0439 \u0441\u0442\u0443\u043b", "description": "\u043f\u043e\u0434\u043e\u0439\u0434\u0435\u0442 \u0434\u043b\u044f \u043f\u0440\u043e\u0441\u043c\u043e\u0442\u0440\u0430 \u0444\u0438\u043b\u044c\u043c\u043e\u0432", "price": "2989.50", "quantity": 5, "is_active": true}}, {"model": "mainapp.product", "pk": 2, "fields": {"category": 1, "name": "\u043a\u043e\u043c\u0444\u043e\u0440\u0442 2", "image": "products_images/product-2.jpg", "short_desc": "\u043e\u0447\u0435\u043d\u044c \u043a\u043e\u043c\u0444\u043e\u0440\u0442\u043d\u044b\u0439 \u0441\u0442\u0443\u043b", "description": "\u043f\u043e\u0434\u043e\u0439\u0434\u0435\u0442 \u0434\u043b\u044f \u043e\u0431\u0449\u0435\u043d\u0438\u044f \u0441 \u0434\u0440\u0443\u0437\u044c\u044f\u043c\u0438", "price": "3687.20", "quantity": 6, "is_active": true}}, {"model": "mainapp.product", "pk": 3, "fields": {"category": 1, "name": "\u043b\u044e\u043a\u0441", "image": "products_images/product-3.jpg", "short_desc": "\u0438\u0441\u043f\u043e\u043b\u044c\u0437\u043e\u0432\u0430\u043d\u044b \u043f\u0440\u0435\u043c\u0438\u0430\u043b\u044c\u043d\u044b\u0435 \u043c\u0430\u0442\u0435\u0440\u0438\u0430\u043b\u044b", "description": "\u0434\u043b\u044f \u0442\u0435\u0445, \u043a\u0442\u043e \u0441\u0442\u0440\u0435\u043c\u0438\u0442\u0441\u044f \u043a \u043b\u0443\u0447\u0448\u0435\u043c\u0443", "price": "8157.99", "quantity": 5, "is_active": true}}, {"model": "mainapp.product", "pk": 4, "fields": {"category": 1, "name": "\u043b\u044e\u043a\u0441 2", "image": "products_images/product-4.jpg", "short_desc": "\u0438\u0441\u043f\u043e\u043b\u044c\u0437\u043e\u0432\u0430\u043d\u044b \u043f\u0440\u0435\u043c\u0438\u0430\u043b\u044c\u043d\u044b\u0435 \u043c\u0430\u0442\u0435\u0440\u0438\u0430\u043b\u044b", "description": "\u0434\u043b\u044f \u0442\u0435\u0445, \u043a\u0442\u043e \u0441\u0442\u0440\u0435\u043c\u0438\u0442\u0441\u044f \u043a \u043b\u0443\u0447\u0448\u0435\u043c\u0443", "price": "1895.25", "quantity": 5, "is_active": true}}, {"model": "mainapp.product", "pk": 5, "fields": {"category": 1, "name": "\u043b\u044e\u043a\u0441 3", "image": "products_images/product-5.jpg", "short_desc": "\u0438\u0441\u043f\u043e\u043b\u044c\u0437\u043e\u0432\u0430\u043d\u044b \u043f\u0440\u0435\u043c\u0438\u0430\u043b\u044c\u043d\u044b\u0435 \u043c\u0430\u0442\u0435\u0440\u0438\u0430\u043b\u044b", "description": "\u0434\u043b\u044f \u0442\u0435\u0445, \u043a\u0442\u043e \u0441\u0442\u0440\u0435\u043c\u0438\u0442\u0441\u044f \u043a \u043b\u0443\u0447\u0448\u0435\u043c\u0443", "price": "3587.41", "quantity": 5, "is_active": true}}, {"model": "mainapp.product", "pk": 6, "fields": {"category": 2, "name": "\u0441\u0442\u0430\u043d\u0434\u0430\u0440\u0442", "image": "products_images/product-6.jpg", "short_desc": "\u0443\u043d\u0438\u0432\u0435\u0440\u0441\u0430\u043b\u044c\u043d\u043e\u0435 \u0440\u0435\u0448\u0435\u043d\u0438\u0435 2017 \u0433\u043e\u0434\u0430", "description": "\u043f\u043e\u0434\u043e\u0439\u0434\u0435\u0442 \u0434\u043b\u044f \u043b\u044e\u0431\u043e\u0433\u043e \u043e\u0444\u0438\u0441\u0430. \u043e\u0442\u043b\u0438\u0447\u043d\u044b\u0435 \u0445\u0430\u0440\u0430\u043a\u0442\u0435\u0440\u0438\u0441\u0442\u0438\u043a\u0438", "price": "1895.25", "quantity": 5, "is_active": true}}, {"model": "mainapp.product", "pk": 7, "fields": {"category": 2, "name": "\u043f\u0440\u0435\u043c\u0438\u0443\u043c", "image": "products_images/product-7.jpg", "short_desc": "\u0443\u043b\u0443\u0447\u0448\u0435\u043d\u043d\u044b\u0439 \u0434\u0438\u0437\u0430\u0439\u043d", "description": "\u0438\u0434\u0435\u0430\u043b\u044c\u043d\u043e \u0432\u043f\u0438\u0448\u0435\u0442\u0441\u044f \u0432 \u0441\u0442\u0440\u043e\u0433\u0438\u0439 \u0438\u043d\u0442\u0435\u0440\u044c\u0435\u0440 \u043e\u0444\u0438\u0441\u0430", "price": "3587.41", "quantity": 5, "is_active": true}}, {"model": "mainapp.product", "pk": 8, "fields": {"category": 2, "name": "\u043f\u0440\u0435\u043c\u0438\u0443\u043c 2", "image": "products_images/product-8.jpg", "short_desc": "\u0443\u043b\u0443\u0447\u0448\u0435\u043d\u043d\u044b\u0439 \u0434\u0438\u0437\u0430\u0439\u043d", "description": "\u0438\u0434\u0435\u0430\u043b\u044c\u043d\u043e \u0432\u043f\u0438\u0448\u0435\u0442\u0441\u044f \u0432 \u0441\u0442\u0440\u043e\u0433\u0438\u0439 \u0438\u043d\u0442\u0435\u0440\u044c\u0435\u0440 \u043e\u0444\u0438\u0441\u0430", "price": "4587.41", "quantity": 6, "is_active": true}}, {"model": "mainapp.product", "pk": 9, "fields": {"category": 3, "name": "\u043d\u043e\u0432\u0438\u043d\u043a\u0430", "image": "products_images/product-9.jpg", "short_desc": "\u0438\u043d\u043d\u043e\u0432\u0430\u0446\u0438\u043e\u043d\u043d\u044b\u0439 \u0434\u0438\u0437\u0430\u0439\u043d", "description": "\u043d\u0435\u0441\u0442\u0430\u043d\u0434\u0430\u0440\u0442\u043d\u043e\u0435 \u0440\u0435\u0448\u0435\u043d\u0438\u0435 \u0434\u043b\u044f \u0441\u043e\u0432\u0440\u0435\u043c\u0435\u043d\u043d\u043e\u0433\u043e \u0438\u043d\u0442\u0435\u0440\u044c\u0435\u0440\u0430", "price": "5361.47", "quantity": 5, "is_active": true}}, {"model": "mainapp.product", "pk": 10, "fields": {"category": 3, "name": "\u043f\u0440\u043e\u0433\u0440\u0435\u0441\u0441", "image": "products_images/product-10.jpg", "short_desc": "\u043f\u0440\u043e\u0433\u0440\u0435\u0441\u0441\u0438\u0432\u043d\u044b\u0439 \u0434\u0438\u0437\u0430\u0439\u043d", "description": "\u0444\u0443\u043d\u043a\u0446\u0438\u043e\u043d\u0430\u043b\u044c\u043d\u043e\u0435 \u0438 \u043a\u043e\u043c\u0444\u043e\u0440\u0442\u043d\u043e\u0435 \u0440\u0435\u0448\u0435\u043d\u0438\u0435", "price": "6789.33", "quantity": 5, "is_active": true}}, {"model": "mainapp.product", "pk": 11, "fields": {"category": 3, "name": "\u043f\u0440\u043e\u0433\u0440\u0435\u0441\u0441 2", "image": "products_images/product-11.jpg", "short_desc": "\u043f\u0440\u043e\u0433\u0440\u0435\u0441\u0441\u0438\u0432\u043d\u044b\u0439 \u0434\u0438\u0437\u0430\u0439\u043d", "description": "\u0444\u0443\u043d\u043a\u0446\u0438\u043e\u043d\u0430\u043b\u044c\u043d\u043e\u0435 \u0438 \u043a\u043e\u043c\u0444\u043e\u0440\u0442\u043d\u043e\u0435 \u0440\u0435\u0448\u0435\u043d\u0438\u0435", "price": "7789.33", "quantity": 5, "is_active": true}}, {"model": "mainapp.product", "pk": 12, "fields": {"category": 3, "name": "\u043f\u0440\u043e\u0433\u0440\u0435\u0441\u0441 3", "image": "products_images/product-12.jpg", "short_desc": "\u043f\u0440\u043e\u0433\u0440\u0435\u0441\u0441\u0438\u0432\u043d\u044b\u0439 \u0434\u0438\u0437\u0430\u0439\u043d", "description": "\u0444\u0443\u043d\u043a\u0446\u0438\u043e\u043d\u0430\u043b\u044c\u043d\u043e\u0435 \u0438 \u043a\u043e\u043c\u0444\u043e\u0440\u0442\u043d\u043e\u0435 \u0440\u0435\u0448\u0435\u043d\u0438\u0435", "price": "9789.33", "quantity": 5, "is_active": true}}, {"model": "mainapp.product", "pk": 13, "fields": {"category": 4, "name": "\u0432\u0435\u043d\u0435\u0446\u0438\u044f", "image": "products_images/product-13.jpg", "short_desc": "\u043a\u043b\u0430\u0441\u0441\u0438\u0447\u0435\u0441\u043a\u0438\u0435 \u0444\u043e\u0440\u043c\u044b", "description": "\u043e\u043a\u0443\u043d\u0438\u0442\u0435\u0441\u044c \u0432 \u0435\u0432\u0440\u043e\u043f\u0435\u0439\u0441\u043a\u0438\u0439 \u043a\u043e\u043c\u0444\u043e\u0440\u0442", "price": "4147.51", "quantity": 5, "is_active": true}}, {"model": "mainapp.product", "pk": 14, "fields": {"category": 4, "name": "\u0442\u043e\u0441\u043a\u0430\u043d\u0430", "image": "products_images/product-14.jpg", "short_desc": "\u044d\u0440\u0433\u043e\u043d\u043e\u043c\u0438\u0447\u043d\u0430\u044f \u0441\u043f\u0438\u043d\u043a\u0430", "description": "\u043f\u043e\u0447\u0443\u0432\u0441\u0442\u0432\u0443\u0439\u0442\u0435 \u043a\u043e\u043c\u0444\u043e\u0440\u0442 \u0438 \u043d\u0430\u0441\u043b\u0430\u0434\u0438\u0442\u0435\u0441\u044c \u0446\u0432\u0435\u0442\u043e\u0432\u043e\u0439 \u0433\u0430\u043c\u043c\u043e\u0439", "price": "7147.35", "quantity": 5, "is_active": true}}, {"model": "mainapp.product", "pk": 15, "fields": {"category": 4, "name": "\u0440\u0438\u043c", "image": "products_images/product-15.jpg", "short_desc": "\u0443\u0434\u0430\u0447\u043d\u044b\u0435 \u043f\u0440\u043e\u043f\u043e\u0440\u0446\u0438\u0438", "description": "\u043a\u043e\u043c\u043f\u0430\u043a\u0442\u043d\u043e\u0441\u0442\u044c \u0438 \u0444\u0443\u043d\u043a\u0446\u0438\u043e\u043d\u0430\u043b\u044c\u043d\u043e\u0441\u0442\u044c", "price": "8357.77", "quantity": 5, "is_active": true}}, {"model": "mainapp.product", "pk": 16, "fields": {"category": 4, "name": "\u0440\u0438\u043c 2", "image": "products_images/product-16.jpg", "short_desc": "\u0443\u0434\u0430\u0447\u043d\u044b\u0435 \u043f\u0440\u043e\u043f\u043e\u0440\u0446\u0438\u0438", "description": "\u043a\u043e\u043c\u043f\u0430\u043a\u0442\u043d\u043e\u0441\u0442\u044c \u0438 \u0444\u0443\u043d\u043a\u0446\u0438\u043e\u043d\u0430\u043b\u044c\u043d\u043e\u0441\u0442\u044c", "price": "9357.77", "quantity": 5, "is_active": true}}, {"model": "mainapp.product", "pk": 17, "fields": {"category": 4, "name": "\u0440\u0438\u043c 3", "image": "products_images/product-17.jpg", "short_desc": "\u0443\u0434\u0430\u0447\u043d\u044b\u0435 \u043f\u0440\u043e\u043f\u043e\u0440\u0446\u0438\u0438", "description": "\u043a\u043e\u043c\u043f\u0430\u043a\u0442\u043d\u043e\u0441\u0442\u044c \u0438 \u0444\u0443\u043d\u043a\u0446\u0438\u043e\u043d\u0430\u043b\u044c\u043d\u043e\u0441\u0442\u044c", "price": "10357.77", "quantity": 6, "is_active": true}}, {"model": "mainapp.product", "pk": 18, "fields": {"category": 2, "name": "\u043e\u0444\u0438\u0441\u043d\u044b\u0439 \u0441\u0442\u0443\u043b 4", "image": "", "short_desc": "\u0443\u0434\u043b\u0438\u043d\u0435\u043d\u043d\u0430\u044f \u0441\u043f\u0438\u043d\u043a\u0430", "description": "\u0434\u043b\u044f \u043b\u044e\u0434\u0435\u0439 \u0432\u044b\u0441\u043e\u043a\u043e\u0433\u043e \u0440\u043e\u0441\u0442\u0430", "price": "1897.44", "quantity": 19, "is_active": false}}, {"model": "authapp.shopuser", "pk": 1, "fields": {"password": "pbkdf2_sha256$150000$jzsDrMuwCAJQ$/e64eVGJ9uJX8NSW/VD3trpTELu8h4jegXH7xCriiqs=", "last_login": "2021-02-08T13:43:37.453Z", "is_superuser": true, "username": "django", "first_name": "", "last_name": "", "email": "django@geekshop.local", "is_staff": true, "is_active": true, "date_joined": "2017-10-18T12:46:45.112Z", "avatar": "", "age": 33, "activation_key": null, "activation_key_expires": "2021-01-26T17:54:47.855Z", "groups": [], "user_permissions": []}}, {"model": "authapp.shopuser", "pk": 2, "fields": {"password": "pbkdf2_sha256$30000$TibmK0AuZEVN$KOczqCTahCoBw7f6JgV5cDMaytWm7qHpqiNRCcL7vnw=", "last_login": "2017-10-21T09:38:08.255Z", "is_superuser": false, "username": "user1", "first_name": "\u041f\u043e\u043b\u044c\u0437\u043e\u0432\u0430\u0442\u0435\u043b\u044c 1", "last_name": "", "email": "user1@geekshop.ru", "is_staff": false, "is_active": true, "date_joined": "2017-10-21T09:35:58.357Z", "avatar": "users_avatars/Jellyfish.jpg", "age": 28, "activation_key": null, "activation_key_expires": "2021-01-26T17:54:47.855Z", "groups": [], "user_permissions": []}}, {"model": "authapp.shopuser", "pk": 3, "fields": {"password": "pbkdf2_sha256$30000$yo2DzfanHzWV$ZiZ5mJrH7O7nlWXGRNr9E/H8OATrs+sDcdsu/qX0Tiw=", "last_login": null, "is_superuser": false, "username": "user2", "first_name": "", "last_name": "", "email": "user2@geekshop.ru", "is_staff": false, "is_active": true, "date_joined": "2017-10-21T10:27:36Z", "avatar": "users_avatars/Tulips.jpg", "age": 39, "activation_key": null, "activation_key_expires": "2021-01-26T17:54:47.855Z", "groups": [], "user_permissions": []}}, {"model": "authapp.shopuser", "pk": 4, "fields": {"password": "pbkdf2_sha256$30000$J5VHESGhsJQ2$GKCnuIhscf6HLBlxrzwpXtV/o5BbhzBbImsOCXV7Eho=", "last_login": null, "is_superuser": false, "username": "user3", "first_name": "", "last_name": "", "email": "1@1.ru", "is_staff": false, "is_active": false, "date_joined": "2017-10-21T10:29:06.713Z", "avatar": "", "age": 19, "activation_key": null, "activation_key_expires": "2021-01-26T17:54:47.855Z", "groups": [], "user_permissions": []}}, {"model": "authapp.shopuser", "pk": 5, "fields": {"password": "pbkdf2_sha256$30000$MtGCYwfLYlHX$m1E3qaaz5vb6azqPE5zI8hlBJOHl7vuecebnMLDO6SI=", "last_login": null, "is_superuser": false, "username": "user4", "first_name": "", "last_name": "", "email": "1@1.ru", "is_staff": false, "is_active": true, "date_joined": "2017-10-21T10:29:42.107Z", "avatar": "", "age": 19, "activation_key": null, "activation_key_expires": "2021-01-26T17:54:47.855Z", "groups": [], "user_permissions": []}}, {"model": "authapp.shopuser", "pk": 6, "fields": {"password": "pbkdf2_sha256$30000$iULsZkzlNJlW$kKb/918Jw3Ba41OTfkOe5KyHogjeXhOAsgIt04ZHoAE=", "last_login": null, "is_superuser": false, "username": "user7", "first_name": "\u041f\u043e\u043b\u044c\u0437\u043e\u0432\u0430\u0442\u0435\u043b\u044c 7", "last_name": "", "email": "7@geekshop.ru", "is_staff": false, "is_active": false, "date_joined": "2017-10-21T10:54:15.921Z", "avatar": "users_avatars/Hydrangeas.jpg", "age": 56, "activation_key": null, "activation_key_expires": "2021-01-26T17:54:47.855Z", "groups": [], "user_permissions": []}}, {"model": "authapp.shopuser", "pk": 7, "fields": {"password": "pbkdf2_sha256$30000$WvXgdyZ5PfKG$8pT4FzHLw5uT+NOYLgaTkmhHXQdpW0pk6VIDhndReTk=", "last_login": null, "is_superuser": false, "username": "user9", "first_name": "\u041f\u043e\u043b\u044c\u0437\u043e\u0432\u0430\u0442\u0435\u043b\u044c 9", "last_name": "", "email": "user9@geekshop.ru", "is_staff": false, "is_active": false, "date_joined": "2017-10-21T11:02:33Z", "avatar": "users_avatars/Chrysanthemum.jpg", "age": 19, "activation_key": null, "activation_key_expires": "2021-01-26T17:54:47.855Z", "groups": [], "user_permissions": []}}, {"model": "authapp.shopuser", "pk": 8, "fields": {"password": "pbkdf2_sha256$150000$GFd84uyXkG6n$Yi/9FMj3L9IMAo1E0K2l730A1kEZWIcyYvR44849Loo=", "last_login": "2021-01-29T09:54:14.179Z", "is_superuser": false, "username": "Ken", "first_name": "Ken", "last_name": "", "email": "ken@db.local", "is_staff": false, "is_active": true, "date_joined": "2021-01-24T19:42:53.467Z", "avatar": "", "age": 20, "activation_key": null, "activation_key_expires": "2021-01-26T19:41:49.536Z", "groups": [], "user_permissions": []}}, {"model": "authapp.shopuser", "pk": 9, "fields": {"password": "pbkdf2_sha256$150000$CPqmbigssIjg$XDJb/vLLgoyWcv3OCI7FQVkZGAcJhptOgJcIJ4Q5Grw=", "last_login": "2021-01-24T19:52:09.822Z", "is_superuser": false, "username": "Ken2", "first_name": "Ken2", "last_name": "", "email": "ken2@db.local", "is_staff": false, "is_active": true, "date_joined": "2021-01-24T19:51:50.833Z", "avatar": "", "age": 20, "activation_key": null, "activation_key_expires": "2021-01-26T19:50:29.335Z", "groups": [], "user_permissions": []}}, {"model": "authapp.shopuser", "pk": 10, "fields": {"password": "pbkdf2_sha256$150000$VnVG2Ps7mCYt$Tw3vS0pIhJXKNHgZYzV/6ZXwpbfSKlFnqZtTH4prQbs=", "last_login": null, "is_superuser": false, "username": "Ken3", "first_name": "Ken3", "last_name": "", "email": "ken@db.local", "is_staff": false, "is_active": false, "date_joined": "2021-01-24T19:57:50.532Z", "avatar": "", "age": 20, "activation_key": "059f9e9c4c91ccb4649732263766f97f396d5f9f", "activation_key_expires": "2021-01-26T19:50:29.335Z", "groups": [], "user_permissions": []}}, {"model": "authapp.shopuser", "pk": 11, "fields": {"password": "pbkdf2_sha256$150000$AaRFoyr5mD3f$3uDrqDVrfUwqJLKS4M+DsuxpJNeyw0WCQ+vOC33QJg0=", "last_login": "2021-01-24T20:11:38.464Z", "is_superuser": false, "username": "Ken4", "first_name": "Ken4", "last_name": "", "email": "ken4@db.local", "is_staff": false, "is_active": true, "date_joined": "2021-01-24T20:11:23.366Z", "avatar": "", "age": 20, "activation_key": null, "activation_key_expires": "2021-01-26T20:10:25.923Z", "groups": [], "user_permissions": []}}, {"model": "authapp.shopuser", "pk": 12, "fields": {"password": "!Hvu97uAcpjjRmqpa8bZT6DmBnJTDdZyHKVROCsyB", "last_login": "2021-02-01T21:12:57.034Z", "is_superuser": false, "username": "id1614585", "first_name": "\u0414\u0430\u043d\u0438\u0438\u043b", "last_name": "\u0413\u0430\u0439\u0432\u043e\u0440\u043e\u043d\u0441\u043a\u0438\u0439", "email": "", "is_staff": false, "is_active": true, "date_joined": "2021-01-25T12:43:03.194Z", "avatar": "", "age": 18, "activation_key": null, "activation_key_expires": "2021-01-27T12:30:59.867Z", "groups": [], "user_permissions": []}}, {"model": "authapp.shopuser", "pk": 13, "fields": {"password": "pbkdf2_sha256$150000$yOMXlVPCXKDQ$0mca0Vq5dU5NEqjgtGr0F+PkzSiC2iIIbY2/lvioIxQ=", "last_login": "2021-02-01T19:55:35.875Z", "is_superuser": false, "username": "Ken6", "first_name": "ken6", "last_name": "", "email": "ken6@db.local", "is_staff": false, "is_active": true, "date_joined": "2021-02-01T19:54:08.505Z", "avatar": "", "age": 18, "activation_key": null, "activation_key_expires": "2021-02-03T19:23:20.897Z", "groups": [], "user_permissions": []}}, {"model": "authapp.shopuserprofile", "pk": 1, "fields": {"user": 1, "tagline": "", "aboutMe": "", "gender": ""}}, {"model": "authapp.shopuserprofile", "pk": 2, "fields": {"user": 2, "tagline": "", "aboutMe": "", "gender": ""}}, {"model": "authapp.shopuserprofile", "pk": 3, "fields": {"user": 3, "tagline": "", "aboutMe": "", "gender": ""}}, {"model": "authapp.shopuserprofile", "pk": 4, "fields": {"user": 4, "tagline": "", "aboutMe": "", "gender": ""}}, {"model": "authapp.shopuserprofile", "pk": 5, "fields": {"user": 5, "tagline": "", "aboutMe": "", "gender": ""}}, {"model": "authapp.shopuserprofile", "pk": 6, "fields": {"user": 6, "tagline": "", "aboutMe": "", "gender": ""}}, {"model": "authapp.shopuserprofile", "pk": 7, "fields": {"user": 7, "tagline": "", "aboutMe": "", "gender": ""}}, {"model": "authapp.shopuserprofile", "pk": 8, "fields": {"user": 8, "tagline": "", "aboutMe": "", "gender": ""}}, {"model": "authapp.shopuserprofile", "pk": 9, "fields": {"user": 9, "tagline": "", "aboutMe": "", "gender": ""}}, {"model": "authapp.shopuserprofile", "pk": 10, "fields": {"user": 10, "tagline": "", "aboutMe": "", "gender": ""}}, {"model": "authapp.shopuserprofile", "pk": 11, "fields": {"user": 11, "tagline": "", "aboutMe": "", "gender": ""}}, {"model": "authapp.shopuserprofile", "pk": 12, "fields": {"user": 12, "tagline": "", "aboutMe": "\u0423\u0434\u0430\u0440\u043d\u0438\u043a)", "gender": "M"}}, {"model": "authapp.shopuserprofile", "pk": 13, "fields": {"user": 13, "tagline": "", "aboutMe": "", "gender": ""}}, {"model": "basketapp.basket", "pk": 12, "fields": {"user": 2, "product": 15, "quantity": 1, "add_datetime": "2017-10-21T09:36:11.312Z"}}, {"model": "basketapp.basket", "pk": 25, "fields": {"user": 12, "product": 12, "quantity": 1, "add_datetime": "2021-01-29T08:48:55.212Z"}}, {"model": "basketapp.basket", "pk": 26, "fields": {"user": 12, "product": 4, "quantity": 1, "add_datetime": "2021-01-29T09:50:31.687Z"}}, {"model": "basketapp.basket", "pk": 27, "fields": {"user": 12, "product": 5, "quantity": 1, "add_datetime": "2021-01-29T09:50:32.846Z"}}, {"model": "basketapp.basket", "pk": 28, "fields": {"user": 12, "product": 13, "quantity": 1, "add_datetime": "2021-01-29T09:50:33.837Z"}}, {"model": "basketapp.basket", "pk": 29, "fields": {"user": 12, "product": 11, "quantity": 1, "add_datetime": "2021-01-29T09:50:34.641Z"}}, {"model": "basketapp.basket", "pk": 30, "fields": {"user": 8, "product": 2, "quantity": 1, "add_datetime": "2021-01-29T09:54:17.779Z"}}, {"model": "basketapp.basket", "pk": 31, "fields": {"user": 8, "product": 14, "quantity": 1, "add_datetime": "2021-01-29T09:54:18.481Z"}}, {"model": "basketapp.basket", "pk": 32, "fields": {"user": 8, "product": 1, "quantity": 1, "add_datetime": "2021-01-29T09:55:44.149Z"}}, {"model": "basketapp.basket", "pk": 33, "fields": {"user": 8, "product": 8, "quantity": 1, "add_datetime": "2021-01-29T09:55:45.365Z"}}, {"model": "basketapp.basket", "pk": 34, "fields": {"user": 8, "product": 10, "quantity": 1, "add_datetime": "2021-01-29T09:55:46.438Z"}}, {"model": "basketapp.basket", "pk": 35, "fields": {"user": 8, "product": 5, "quantity": 1, "add_datetime": "2021-01-29T09:55:47.397Z"}}, {"model": "basketapp.basket", "pk": 36, "fields": {"user": 8, "product": 15, "quantity": 1, "add_datetime": "2021-01-29T09:55:48.359Z"}}, {"model": "basketapp.basket", "pk": 37, "fields": {"user": 12, "product": 3, "quantity": 1, "add_datetime": "2021-02-01T19:05:18.382Z"}}, {"model": "basketapp.basket", "pk": 38, "fields": {"user": 12, "product": 17, "quantity": 1, "add_datetime": "2021-02-01T19:05:20.971Z"}}, {"model": "basketapp.basket", "pk": 39, "fields": {"user": 12, "product": 7, "quantity": 1, "add_datetime": "2021-02-01T19:05:22.337Z"}}, {"model": "basketapp.basket", "pk": 40, "fields": {"user": 12, "product": 9, "quantity": 1, "add_datetime": "2021-02-01T19:24:50.655Z"}}, {"model": "basketapp.basket", "pk": 41, "fields": {"user": 12, "product": 14, "quantity": 1, "add_datetime": "2021-02-01T19:25:07.954Z"}}, {"model": "basketapp.basket", "pk": 42, "fields": {"user": 13, "product": 11, "quantity": 1, "add_datetime": "2021-02-01T19:55:40.427Z"}}, {"model": "basketapp.basket", "pk": 43, "fields": {"user": 13, "product": 14, "quantity": 1, "add_datetime": "2021-02-01T19:55:41.619Z"}}, {"model": "basketapp.basket", "pk": 44, "fields": {"user": 13, "product": 3, "quantity": 1, "add_datetime": "2021-02-01T19:55:42.372Z"}}, {"model": "basketapp.basket", "pk": 45, "fields": {"user": 13, "product": 16, "quantity": 1, "add_datetime": "2021-02-01T20:03:30.355Z"}}, {"model": "basketapp.basket", "pk": 46, "fields": {"user": 13, "product": 6, "quantity": 1, "add_datetime": "2021-02-01T20:03:35.398Z"}}, {"model": "basketapp.basket", "pk": 47, "fields": {"user": 13, "product": 9, "quantity": 1, "add_datetime": "2021-02-01T20:03:58.476Z"}}, {"model": "ordersapp.order", "pk": 1, "fields": {"user": 12, "created_at": "2021-01-26T19:39:52.023Z", "updated_at": "2021-01-29T09:10:27.373Z", "status": "STP", "is_active": true}}, {"model": "ordersapp.order", "pk": 2, "fields": {"user": 12, "created_at": "2021-01-26T19:51:56.549Z", "updated_at": "2021-01-26T20:02:15.618Z", "status": "FM", "is_active": false}}, {"model": "ordersapp.order", "pk": 3, "fields": {"user": 12, "created_at": "2021-01-29T10:35:07.797Z", "updated_at": "2021-02-01T19:09:29.892Z", "status": "FM", "is_active": false}}, {"model": "ordersapp.order", "pk": 4, "fields": {"user": 12, "created_at": "2021-01-29T10:35:15.363Z", "updated_at": "2021-02-01T19:09:31.581Z", "status": "FM", "is_active": false}}, {"model": "ordersapp.order", "pk": 5, "fields": {"user": 12, "created_at": "2021-01-29T10:39:25.723Z", "updated_at": "2021-02-01T19:09:33.193Z", "status": "FM", "is_active": false}}, {"model": "ordersapp.order", "pk": 6, "fields": {"user": 12, "created_at": "2021-02-01T19:06:56.031Z", "updated_at": "2021-02-01T19:09:35.203Z", "status": "FM", "is_active": false}}, {"model": "ordersapp.order", "pk": 7, "fields": {"user": 12, "created_at": "2021-02-01T19:07:01.619Z", "updated_at": "2021-02-01T19:09:36.994Z", "status": "FM", "is_active": false}}, {"model": "ordersapp.order", "pk": 8, "fields": {"user": 12, "created_at": "2021-02-01T19:12:18.048Z", "updated_at": "2021-02-02T16:13:18.988Z", "status": "FM", "is_active": true}}, {"model": "ordersapp.order", "pk": 9, "fields": {"user": 13, "created_at": "2021-02-01T20:02:46.282Z", "updated_at": "2021-02-01T20:16:22.230Z", "status": "FM", "is_active": false}}, {"model": "ordersapp.order", "pk": 10, "fields": {"user": 13, "created_at": "2021-02-01T20:03:10.549Z", "updated_at": "2021-02-01T20:16:24.141Z", "status": "FM", "is_active": false}}, {"model": "ordersapp.order", "pk": 11, "fields": {"user": 13, "created_at": "2021-02-01T20:03:21.570Z", "updated_at": "2021-02-01T20:16:26.199Z", "status": "FM", "is_active": false}}, {"model": "ordersapp.order", "pk": 12, "fields": {"user": 13, "created_at": "2021-02-01T20:16:34.581Z", "updated_at": "2021-02-01T21:12:40.483Z", "status": "FM", "is_active": false}}, {"model": "ordersapp.order", "pk": 13, "fields": {"user": 13, "created_at": "2021-02-01T21:08:37.048Z", "updated_at": "2021-02-01T21:12:42.237Z", "status": "FM", "is_active": false}}, {"model": "ordersapp.order", "pk": 14, "fields": {"user": 12, "created_at": "2021-02-02T16:21:07.753Z", "updated_at": "2021-02-05T09:00:15.525Z", "status": "FM", "is_active": true}}, {"model": "ordersapp.order", "pk": 15, "fields": {"user": 1, "created_at": "2021-02-08T13:58:23.333Z", "updated_at": "2021-02-10T11:08:58.433Z", "status": "FM", "is_active": false}}, {"model": "ordersapp.order", "pk": 16, "fields": {"user": 1, "created_at": "2021-02-10T11:09:07.464Z", "updated_at": "2021-02-10T13:46:52.057Z", "status": "STP", "is_active": true}}, {"model": "ordersapp.order", "pk": 17, "fields": {"user": 1, "created_at": "2021-02-10T15:01:52.072Z", "updated_at": "2021-02-11T20:54:40.832Z", "status": "FM", "is_active": false}}, {"model": "ordersapp.order", "pk": 18, "fields": {"user": 1, "created_at": "2021-02-10T15:10:11.755Z", "updated_at": "2021-02-11T20:54:42.901Z", "status": "FM", "is_active": false}}, {"model": "ordersapp.order", "pk": 19, "fields": {"user": 1, "created_at": "2021-02-10T15:40:31.314Z", "updated_at": "2021-02-11T20:54:46.859Z", "status": "FM", "is_active": false}}, {"model": "ordersapp.order", "pk": 20, "fields": {"user": 1, "created_at": "2021-02-11T20:55:01.807Z", "updated_at": "2021-02-11T20:55:01.917Z", "status": "FM", "is_active": false}}, {"model": "ordersapp.order", "pk": 21, "fields": {"user": 1, "created_at": "2021-02-11T20:55:11.419Z", "updated_at": "2021-02-11T20:55:11.518Z", "status": "FM", "is_active": false}}, {"model": "ordersapp.order", "pk": 22, "fields": {"user": 1, "created_at": "2021-02-11T20:57:55.794Z", "updated_at": "2021-02-11T20:57:55.957Z", "status": "FM", "is_active": true}}, {"model": "ordersapp.order", "pk": 23, "fields": {"user": 1, "created_at": "2021-02-11T20:58:05.029Z", "updated_at": "2021-02-12T07:24:02.014Z", "status": "FM", "is_active": true}}, {"model": "ordersapp.orderitem", "pk": 2, "fields": {"order": 1, "product": 14, "quantity": 2}}, {"model": "ordersapp.orderitem", "pk": 3, "fields": {"order": 1, "product": 16, "quantity": 3}}, {"model": "ordersapp.orderitem", "pk": 4, "fields": {"order": 1, "product": 5, "quantity": 3}}, {"model": "ordersapp.orderitem", "pk": 5, "fields": {"order": 1, "product": 3, "quantity": 1}}, {"model": "ordersapp.orderitem", "pk": 6, "fields": {"order": 2, "product": 6, "quantity": 1}}, {"model": "ordersapp.orderitem", "pk": 7, "fields": {"order": 2, "product": 18, "quantity": 1}}, {"model": "ordersapp.orderitem", "pk": 8, "fields": {"order": 3, "product": 12, "quantity": 1}}, {"model": "ordersapp.orderitem", "pk": 9, "fields": {"order": 3, "product": 4, "quantity": 1}}, {"model": "ordersapp.orderitem", "pk": 10, "fields": {"order": 3, "product": 5, "quantity": 1}}, {"model": "ordersapp.orderitem", "pk": 11, "fields": {"order": 3, "product": 13, "quantity": 1}}, {"model": "ordersapp.orderitem", "pk": 12, "fields": {"order": 3, "product": 11, "quantity": 1}}, {"model": "ordersapp.orderitem", "pk": 13, "fields": {"order": 4, "product": 12, "quantity": 3}}, {"model": "ordersapp.orderitem", "pk": 14, "fields": {"order": 4, "product": 4, "quantity": 1}}, {"model": "ordersapp.orderitem", "pk": 15, "fields": {"order": 4, "product": 5, "quantity": 1}}, {"model": "ordersapp.orderitem", "pk": 16, "fields": {"order": 4, "product": 13, "quantity": 1}}, {"model": "ordersapp.orderitem", "pk": 17, "fields": {"order": 4, "product": 11, "quantity": 1}}, {"model": "ordersapp.orderitem", "pk": 18, "fields": {"order": 5, "product": 12, "quantity": 5}}, {"model": "ordersapp.orderitem", "pk": 19, "fields": {"order": 5, "product": 4, "quantity": 1}}, {"model": "ordersapp.orderitem", "pk": 20, "fields": {"order": 5, "product": 5, "quantity": 1}}, {"model": "ordersapp.orderitem", "pk": 21, "fields": {"order": 5, "product": 13, "quantity": 1}}, {"model": "ordersapp.orderitem", "pk": 22, "fields": {"order": 5, "product": 11, "quantity": 1}}, {"model": "ordersapp.orderitem", "pk": 23, "fields": {"order": 6, "product": 12, "quantity": 1}}, {"model": "ordersapp.orderitem", "pk": 24, "fields": {"order": 6, "product": 4, "quantity": 1}}, {"model": "ordersapp.orderitem", "pk": 25, "fields": {"order": 6, "product": 5, "quantity": 1}}, {"model": "ordersapp.orderitem", "pk": 26, "fields": {"order": 6, "product": 13, "quantity": 1}}, {"model": "ordersapp.orderitem", "pk": 27, "fields": {"order": 6, "product": 11, "quantity": 1}}, {"model": "ordersapp.orderitem", "pk": 28, "fields": {"order": 6, "product": 3, "quantity": 1}}, {"model": "ordersapp.orderitem", "pk": 29, "fields": {"order": 6, "product": 17, "quantity": 1}}, {"model": "ordersapp.orderitem", "pk": 30, "fields": {"order": 6, "product": 7, "quantity": 1}}, {"model": "ordersapp.orderitem", "pk": 31, "fields": {"order": 7, "product": 12, "quantity": 1}}, {"model": "ordersapp.orderitem", "pk": 32, "fields": {"order": 7, "product": 4, "quantity": 1}}, {"model": "ordersapp.orderitem", "pk": 33, "fields": {"order": 7, "product": 5, "quantity": 1}}, {"model": "ordersapp.orderitem", "pk": 34, "fields": {"order": 7, "product": 13, "quantity": 1}}, {"model": "ordersapp.orderitem", "pk": 35, "fields": {"order": 7, "product": 11, "quantity": 1}}, {"model": "ordersapp.orderitem", "pk": 36, "fields": {"order": 7, "product": 3, "quantity": 1}}, {"model": "ordersapp.orderitem", "pk": 37, "fields": {"order": 7, "product": 17, "quantity": 1}}, {"model": "ordersapp.orderitem", "pk": 38, "fields": {"order": 7, "product": 7, "quantity": 1}}, {"model": "ordersapp.orderitem", "pk": 42, "fields": {"order": 8, "product": 13, "quantity": 1}}, {"model": "ordersapp.orderitem", "pk": 43, "fields": {"order": 8, "product": 11, "quantity": 1}}, {"model": "ordersapp.orderitem", "pk": 44, "fields": {"order": 8, "product": 3, "quantity": 1}}, {"model": "ordersapp.orderitem", "pk": 45, "fields": {"order": 8, "product": 17, "quantity": 1}}, {"model": "ordersapp.orderitem", "pk": 46, "fields": {"order": 8, "product": 7, "quantity": 1}}, {"model": "ordersapp.orderitem", "pk": 47, "fields": {"order": 9, "product": 11, "quantity": 1}}, {"model": "ordersapp.orderitem", "pk": 48, "fields": {"order": 9, "product": 14, "quantity": 1}}, {"model": "ordersapp.orderitem", "pk": 49, "fields": {"order": 9, "product": 3, "quantity": 1}}, {"model": "ordersapp.orderitem", "pk": 50, "fields": {"order": 10, "product": 11, "quantity": 1}}, {"model": "ordersapp.orderitem", "pk": 51, "fields": {"order": 10, "product": 14, "quantity": 1}}, {"model": "ordersapp.orderitem", "pk": 52, "fields": {"order": 10, "product": 3, "quantity": 1}}, {"model": "ordersapp.orderitem", "pk": 53, "fields": {"order": 11, "product": 11, "quantity": 1}}, {"model": "ordersapp.orderitem", "pk": 54, "fields": {"order": 11, "product": 14, "quantity": 1}}, {"model": "ordersapp.orderitem", "pk": 55, "fields": {"order": 11, "product": 3, "quantity": 1}}, {"model": "ordersapp.orderitem", "pk": 56, "fields": {"order": 12, "product": 11, "quantity": 1}}, {"model": "ordersapp.orderitem", "pk": 57, "fields": {"order": 12, "product": 14, "quantity": 1}}, {"model": "ordersapp.orderitem", "pk": 58, "fields": {"order": 12, "product": 3, "quantity": 1}}, {"model": "ordersapp.orderitem", "pk": 60, "fields": {"order": 12, "product": 6, "quantity": 1}}, {"model": "ordersapp.orderitem", "pk": 61, "fields": {"order": 12, "product": 9, "quantity": 1}}, {"model": "ordersapp.orderitem", "pk": 62, "fields": {"order": 13, "product": 11, "quantity": 1}}, {"model": "ordersapp.orderitem", "pk": 63, "fields": {"order": 13, "product": 14, "quantity": 1}}, {"model": "ordersapp.orderitem", "pk": 64, "fields": {"order": 13, "product": 3, "quantity": 1}}, {"model": "ordersapp.orderitem", "pk": 65, "fields": {"order": 13, "product": 16, "quantity": 1}}, {"model": "ordersapp.orderitem", "pk": 66, "fields": {"order": 13, "product": 6, "quantity": 1}}, {"model": "ordersapp.orderitem", "pk": 67, "fields": {"order": 13, "product": 9, "quantity": 1}}, {"model": "ordersapp.orderitem", "pk": 68, "fields": {"order": 8, "product": 14, "quantity": 1}}, {"model": "ordersapp.orderitem", "pk": 69, "fields": {"order": 8, "product": 2, "quantity": 7}}, {"model": "ordersapp.orderitem", "pk": 70, "fields": {"order": 14, "product": 7, "quantity": 1}}, {"model": "ordersapp.orderitem", "pk": 71, "fields": {"order": 14, "product": 9, "quantity": 1}}, {"model": "ordersapp.orderitem", "pk": 72, "fields": {"order": 14, "product": 14, "quantity": 1}}, {"model": "ordersapp.orderitem", "pk": 73, "fields": {"order": 14, "product": 3, "quantity": 2}}, {"model": "ordersapp.orderitem", "pk": 74, "fields": {"order": 14, "product": 9, "quantity": 2}}, {"model": "ordersapp.orderitem", "pk": 75, "fields": {"order": 14, "product": 1, "quantity": 1}}, {"model": "ordersapp.orderitem", "pk": 76, "fields": {"order": 14, "product": 12, "quantity": 1}}, {"model": "ordersapp.orderitem", "pk": 90, "fields": {"order": 15, "product": 13, "quantity": 0}}, {"model": "ordersapp.orderitem", "pk": 91, "fields": {"order": 15, "product": 13, "quantity": 0}}, {"model": "ordersapp.orderitem", "pk": 92, "fields": {"order": 15, "product": 2, "quantity": 0}}, {"model": "ordersapp.orderitem", "pk": 93, "fields": {"order": 15, "product": 2, "quantity": 0}}, {"model": "ordersapp.orderitem", "pk": 94, "fields": {"order": 15, "product": 2, "quantity": 0}}, {"model": "ordersapp.orderitem", "pk": 95, "fields": {"order": 15, "product": 2, "quantity": 0}}, {"model": "ordersapp.orderitem", "pk": 96, "fields": {"order": 16, "product": 13, "quantity": 1}}, {"model": "ordersapp.orderitem", "pk": 98, "fields": {"order": 16, "product": 1, "quantity": 1}}, {"model": "ordersapp.orderitem", "pk": 99, "fields": {"order": 16, "product": 1, "quantity": 1}}, {"model": "ordersapp.orderitem", "pk": 100, "fields": {"order": 17, "product": 13, "quantity": 1}}, {"model": "ordersapp.orderitem", "pk": 101, "fields": {"order": 17, "product": 16, "quantity": 1}}, {"model": "ordersapp.orderitem", "pk": 102, "fields": {"order": 18, "product": 13, "quantity": 2}}, {"model": "ordersapp.orderitem", "pk": 103, "fields": {"order": 18, "product": 16, "quantity": 1}}, {"model": "ordersapp.orderitem", "pk": 104, "fields": {"order": 18, "product": 14, "quantity": 1}}, {"model": "ordersapp.orderitem", "pk": 105, "fields": {"order": 18, "product": 6, "quantity": 2}}, {"model": "ordersapp.orderitem", "pk": 106, "fields": {"order": 18, "product": 9, "quantity": 2}}, {"model": "ordersapp.orderitem", "pk": 107, "fields": {"order": 18, "product": 1, "quantity": 2}}, {"model": "ordersapp.orderitem", "pk": 108, "fields": {"order": 18, "product": 10, "quantity": 1}}, {"model": "ordersapp.orderitem", "pk": 109, "fields": {"order": 18, "product": 15, "quantity": 1}}, {"model": "ordersapp.orderitem", "pk": 128, "fields": {"order": 19, "product": 1, "quantity": 4}}, {"model": "ordersapp.orderitem", "pk": 129, "fields": {"order": 19, "product": 4, "quantity": 3}}, {"model": "ordersapp.orderitem", "pk": 131, "fields": {"order": 19, "product": 16, "quantity": 1}}, {"model": "ordersapp.orderitem", "pk": 132, "fields": {"order": 19, "product": 13, "quantity": 1}}, {"model": "ordersapp.orderitem", "pk": 133, "fields": {"order": 19, "product": 12, "quantity": 1}}, {"model": "ordersapp.orderitem", "pk": 134, "fields": {"order": 22, "product": 13, "quantity": 3}}, {"model": "ordersapp.orderitem", "pk": 135, "fields": {"order": 22, "product": 16, "quantity": 1}}, {"model": "ordersapp.orderitem", "pk": 136, "fields": {"order": 22, "product": 14, "quantity": 1}}, {"model": "ordersapp.orderitem", "pk": 137, "fields": {"order": 22, "product": 6, "quantity": 3}}, {"model": "ordersapp.orderitem", "pk": 138, "fields": {"order": 22, "product": 9, "quantity": 3}}, {"model": "ordersapp.orderitem", "pk": 139, "fields": {"order": 22, "product": 1, "quantity": 2}}, {"model": "ordersapp.orderitem", "pk": 140, "fields": {"order": 22, "product": 10, "quantity": 3}}, {"model": "ordersapp.orderitem", "pk": 141, "fields": {"order": 22, "product": 15, "quantity": 4}}, {"model": "ordersapp.orderitem", "pk": 142, "fields": {"order": 22, "product": 4, "quantity": 5}}, {"model": "ordersapp.orderitem", "pk": 143, "fields": {"order": 22, "product": 8, "quantity": 2}}, {"model": "ordersapp.orderitem", "pk": 144, "fields": {"order": 22, "product": 5, "quantity": 4}}, {"model": "ordersapp.orderitem", "pk": 145, "fields": {"order": 22, "product": 17, "quantity": 3}}, {"model": "ordersapp.orderitem", "pk": 146, "fields": {"order": 22, "product": 3, "quantity": 3}}, {"model": "ordersapp.orderitem", "pk": 147, "fields": {"order": 22, "product": 2, "quantity": 3}}, {"model": "ordersapp.orderitem", "pk": 148, "fields": {"order": 22, "product": 12, "quantity": 1}}, {"model": "ordersapp.orderitem", "pk": 149, "fields": {"order": 23, "product": 13, "quantity": 3}}, {"model": "ordersapp.orderitem", "pk": 150, "fields": {"order": 23, "product": 16, "quantity": 1}}, {"model": "ordersapp.orderitem", "pk": 151, "fields": {"order": 23, "product": 14, "quantity": 1}}, {"model": "ordersapp.orderitem", "pk": 152, "fields": {"order": 23, "product": 6, "quantity": 3}}, {"model": "ordersapp.orderitem", "pk": 153, "fields": {"order": 23, "product": 9, "quantity": 3}}, {"model": "ordersapp.orderitem", "pk": 154, "fields": {"order": 23, "product": 1, "quantity": 2}}, {"model": "ordersapp.orderitem", "pk": 155, "fields": {"order": 23, "product": 10, "quantity": 3}}, {"model": "ordersapp.orderitem", "pk": 156, "fields": {"order": 23, "product": 15, "quantity": 4}}, {"model": "ordersapp.orderitem", "pk": 157, "fields": {"order": 23, "product": 4, "quantity": 5}}, {"model": "ordersapp.orderitem", "pk": 158, "fields": {"order": 23, "product": 8, "quantity": 2}}, {"model": "ordersapp.orderitem", "pk": 160, "fields": {"order": 23, "product": 17, "quantity": 3}}, {"model": "ordersapp.orderitem", "pk": 161, "fields": {"order": 23, "product": 3, "quantity": 3}}, {"model": "ordersapp.orderitem", "pk": 165, "fields": {"order": 23, "product": 1, "quantity": 1}}, {"model": "ordersapp.orderitem", "pk": 167, "fields": {"order": 23, "product": 3, "quantity": 1}}, {"model": "social_django.usersocialauth", "pk": 1, "fields": {"user": 12, "provider": "vk-oauth2", "uid": "1614585", "extra_data": "{\"auth_time\": 1612213976, \"id\": 1614585, \"expires\": 86400, \"access_token\": \"6b11201bbb86f629581c258f1b88e18e04b50c89e9e939e132da044d41458fd444c923728f3ff76794b8e\", \"token_type\": null}", "created": "2021-01-25T12:43:03.204Z", "modified": "2021-02-01T21:12:56.999Z"}}]